,ts_code
0,301052.SZ
1,301259.SZ
2,301283.SZ
3,301117.SZ
4,003012.SZ
5,300989.SZ
6,300804.SZ
7,300984.SZ
8,301336.SZ
9,300188.SZ
10,300516.SZ
11,300654.SZ
12,301076.SZ
13,002700.SZ
14,301376.SZ
15,301069.SZ
16,300252.SZ
17,300600.SZ
18,002752.SZ
19,001376.SZ
20,300194.SZ
21,002604.SZ
22,301395.SZ
23,300908.SZ
24,301133.SZ
25,300374.SZ
26,300428.SZ
27,301558.SZ
28,002812.SZ
29,300299.SZ
30,300565.SZ
31,300919.SZ
32,002789.SZ
33,001366.SZ
34,301176.SZ
35,300853.SZ
36,301005.SZ
37,301095.SZ
38,002960.SZ
39,300742.SZ
40,301555.SZ
41,301566.SZ
42,301121.SZ
43,301152.SZ
44,300902.SZ
45,300679.SZ
46,002977.SZ
47,002952.SZ
48,301083.SZ
49,301148.SZ
50,300787.SZ
51,300696.SZ
52,002983.SZ
53,300841.SZ
54,301606.SZ
55,300719.SZ
56,301446.SZ
57,301235.SZ
58,300597.SZ
59,301567.SZ
60,301568.SZ
61,300839.SZ
62,300700.SZ
63,300685.SZ
64,300703.SZ
65,002887.SZ
66,301509.SZ
67,300879.SZ
68,002938.SZ
69,301510.SZ
70,300998.SZ
71,301028.SZ
72,001387.SZ
73,301280.SZ
74,300915.SZ
75,301071.SZ
76,300818.SZ
77,301230.SZ
78,001223.SZ
79,301070.SZ
80,300906.SZ
81,301233.SZ
82,301105.SZ
83,300741.SZ
84,002950.SZ
85,301392.SZ
86,300768.SZ
87,300982.SZ
88,001236.SZ
89,002936.SZ
90,300894.SZ
91,300949.SZ
92,002975.SZ
93,002061.SZ
94,301580.SZ
95,300969.SZ
96,301314.SZ
97,300789.SZ
98,002935.SZ
99,301260.SZ
100,301159.SZ
101,301312.SZ
102,301512.SZ
103,300990.SZ
104,300551.SZ
105,002187.SZ
106,300577.SZ
107,002871.SZ
108,300777.SZ
109,300722.SZ
110,301197.SZ
111,301322.SZ
112,301203.SZ
113,301487.SZ
114,300986.SZ
115,002980.SZ
116,002110.SZ
117,300660.SZ
118,300932.SZ
119,300765.SZ
120,300843.SZ
121,300669.SZ
122,300922.SZ
123,301338.SZ
124,300636.SZ
125,300170.SZ
126,002484.SZ
127,300939.SZ
128,301209.SZ
129,301157.SZ
130,301062.SZ
131,301328.SZ
132,301300.SZ
133,300870.SZ
134,301397.SZ
135,301246.SZ
136,301239.SZ
137,002372.SZ
138,300081.SZ
139,301100.SZ
140,301548.SZ
141,301379.SZ
142,002771.SZ
143,000100.SZ
144,002001.SZ
145,301090.SZ
146,301327.SZ
147,002002.SZ
148,301608.SZ
149,301589.SZ
150,301213.SZ
151,301019.SZ
152,301182.SZ
153,300648.SZ
154,300980.SZ
155,300807.SZ
156,301413.SZ
157,300910.SZ
158,300811.SZ
159,300946.SZ
160,301089.SZ
161,301123.SZ
162,300504.SZ
163,301048.SZ
164,301029.SZ
165,300727.SZ
166,301061.SZ
167,001306.SZ
168,301167.SZ
169,301118.SZ
170,301369.SZ
171,300701.SZ
172,301189.SZ
173,301031.SZ
174,301097.SZ
175,301196.SZ
176,301587.SZ
177,002159.SZ
178,301515.SZ
179,301306.SZ
180,301150.SZ
181,300672.SZ
182,002337.SZ
183,002377.SZ
184,300114.SZ
185,300477.SZ
186,002112.SZ
187,002041.SZ
188,300150.SZ
189,003006.SZ
190,002450.SZ
191,002350.SZ
192,002056.SZ
193,002172.SZ
194,002037.SZ
195,002046.SZ
196,000875.SZ
197,300855.SZ
198,301192.SZ
199,300743.SZ
200,002168.SZ
201,002066.SZ
202,002146.SZ
203,300152.SZ
204,300803.SZ
205,300179.SZ
206,002038.SZ
207,002896.SZ
208,002070.SZ
209,002279.SZ
210,002098.SZ
211,002074.SZ
212,002047.SZ
213,300445.SZ
214,002327.SZ
215,002044.SZ
216,300183.SZ
217,001309.SZ
218,003027.SZ
219,300880.SZ
220,002085.SZ
221,002080.SZ
222,301200.SZ
223,002961.SZ
224,002040.SZ
225,300149.SZ
226,002594.SZ
227,002097.SZ
228,002451.SZ
229,300353.SZ
230,002075.SZ
231,300601.SZ
232,002306.SZ
233,300630.SZ
234,300710.SZ
235,002966.SZ
236,002093.SZ
237,002076.SZ
238,300225.SZ
239,002067.SZ
240,002083.SZ
241,300091.SZ
242,301066.SZ
243,300643.SZ
244,300968.SZ
245,002900.SZ
246,002072.SZ
247,002071.SZ
248,002102.SZ
249,002051.SZ
250,002064.SZ
251,300647.SZ
252,002068.SZ
253,002207.SZ
254,002105.SZ
255,002103.SZ
256,300897.SZ
257,002118.SZ
258,002211.SZ
259,002216.SZ
260,300090.SZ
261,300941.SZ
262,002404.SZ
263,301091.SZ
264,300096.SZ
265,002045.SZ
266,002145.SZ
267,002489.SZ
268,002843.SZ
269,002114.SZ
270,002115.SZ
271,300689.SZ
272,300678.SZ
273,002948.SZ
274,300828.SZ
275,300444.SZ
276,002099.SZ
277,002120.SZ
278,300900.SZ
279,002338.SZ
280,300026.SZ
281,002100.SZ
282,300080.SZ
283,002101.SZ
284,002148.SZ
285,002261.SZ
286,002203.SZ
287,002705.SZ
288,002116.SZ
289,002331.SZ
290,002200.SZ
291,002073.SZ
292,002154.SZ
293,002086.SZ
294,002119.SZ
295,002232.SZ
296,001211.SZ
297,300991.SZ
298,002088.SZ
299,002332.SZ
300,002190.SZ
301,002191.SZ
302,002060.SZ
303,301519.SZ
304,300650.SZ
305,002320.SZ
306,300558.SZ
307,002305.SZ
308,002303.SZ
309,000088.SZ
310,000089.SZ
311,000090.SZ
312,000099.SZ
313,000150.SZ
314,000617.SZ
315,000618.SZ
316,000619.SZ
317,000620.SZ
318,000621.SZ
319,000622.SZ
320,000407.SZ
321,000408.SZ
322,000409.SZ
323,000405.SZ
324,000406.SZ
325,002653.SZ
326,000531.SZ
327,000532.SZ
328,000533.SZ
329,000534.SZ
330,000535.SZ
331,000536.SZ
332,000623.SZ
333,000625.SZ
334,000627.SZ
335,000629.SZ
336,000410.SZ
337,000411.SZ
338,000412.SZ
339,000413.SZ
340,000416.SZ
341,301559.SZ
342,002117.SZ
343,000537.SZ
344,000539.SZ
345,000540.SZ
346,000541.SZ
347,000542.SZ
348,000630.SZ
349,000631.SZ
350,000632.SZ
351,000633.SZ
352,000417.SZ
353,000418.SZ
354,000419.SZ
355,000420.SZ
356,002462.SZ
357,000001.SZ
358,000002.SZ
359,000003.SZ
360,000004.SZ
361,000543.SZ
362,000544.SZ
363,000545.SZ
364,000547.SZ
365,000635.SZ
366,000636.SZ
367,000637.SZ
368,000638.SZ
369,000639.SZ
370,000421.SZ
371,000422.SZ
372,000423.SZ
373,000425.SZ
374,000005.SZ
375,000006.SZ
376,000007.SZ
377,000008.SZ
378,000009.SZ
379,000548.SZ
380,000549.SZ
381,000551.SZ
382,000552.SZ
383,000553.SZ
384,000677.SZ
385,000678.SZ
386,000679.SZ
387,000680.SZ
388,000681.SZ
389,000428.SZ
390,000429.SZ
391,000430.SZ
392,000498.SZ
393,000426.SZ
394,000010.SZ
395,000011.SZ
396,000012.SZ
397,000013.SZ
398,000014.SZ
399,000015.SZ
400,000554.SZ
401,000555.SZ
402,000556.SZ
403,000557.SZ
404,000693.SZ
405,000695.SZ
406,001696.SZ
407,000697.SZ
408,000698.SZ
409,000501.SZ
410,000502.SZ
411,000503.SZ
412,000504.SZ
413,000016.SZ
414,000017.SZ
415,000018.SZ
416,000558.SZ
417,000559.SZ
418,000560.SZ
419,000562.SZ
420,000661.SZ
421,000662.SZ
422,000663.SZ
423,000665.SZ
424,000505.SZ
425,000506.SZ
426,000507.SZ
427,000508.SZ
428,000509.SZ
429,000510.SZ
430,000019.SZ
431,000021.SZ
432,001872.SZ
433,000023.SZ
434,000563.SZ
435,000564.SZ
436,000565.SZ
437,000566.SZ
438,000682.SZ
439,000683.SZ
440,000685.SZ
441,000686.SZ
442,000687.SZ
443,000511.SZ
444,000513.SZ
445,000514.SZ
446,000515.SZ
447,000517.SZ
448,000024.SZ
449,000026.SZ
450,000027.SZ
451,000028.SZ
452,000568.SZ
453,000569.SZ
454,000570.SZ
455,000571.SZ
456,000572.SZ
457,000650.SZ
458,000651.SZ
459,000652.SZ
460,000653.SZ
461,000518.SZ
462,000519.SZ
463,000521.SZ
464,000522.SZ
465,000029.SZ
466,000030.SZ
467,000031.SZ
468,000032.SZ
469,000033.SZ
470,000576.SZ
471,000578.SZ
472,000582.SZ
473,000573.SZ
474,000666.SZ
475,000667.SZ
476,000668.SZ
477,000669.SZ
478,000670.SZ
479,000523.SZ
480,000524.SZ
481,000525.SZ
482,000526.SZ
483,000034.SZ
484,000035.SZ
485,000036.SZ
486,000037.SZ
487,000584.SZ
488,000585.SZ
489,000586.SZ
490,000587.SZ
491,000583.SZ
492,000588.SZ
493,000689.SZ
494,000690.SZ
495,000691.SZ
496,000692.SZ
497,000688.SZ
498,000527.SZ
499,000528.SZ
500,000529.SZ
501,000038.SZ
502,000039.SZ
503,000040.SZ
504,000042.SZ
505,001914.SZ
506,000045.SZ
507,000589.SZ
508,000590.SZ
509,000591.SZ
510,000592.SZ
511,000657.SZ
512,000658.SZ
513,000659.SZ
514,000660.SZ
515,000656.SZ
516,002572.SZ
517,000046.SZ
518,000047.SZ
519,000048.SZ
520,000049.SZ
521,000050.SZ
522,000055.SZ
523,000594.SZ
524,000595.SZ
525,000596.SZ
526,000597.SZ
527,000598.SZ
528,000671.SZ
529,000672.SZ
530,000673.SZ
531,000675.SZ
532,000676.SZ
533,301418.SZ
534,000056.SZ
535,000058.SZ
536,000059.SZ
537,000600.SZ
538,000601.SZ
539,000602.SZ
540,000603.SZ
541,000605.SZ
542,000151.SZ
543,000153.SZ
544,000155.SZ
545,000156.SZ
546,000157.SZ
547,000061.SZ
548,000062.SZ
549,000063.SZ
550,000065.SZ
551,000606.SZ
552,000607.SZ
553,000608.SZ
554,000610.SZ
555,000158.SZ
556,000159.SZ
557,000301.SZ
558,300414.SZ
559,300681.SZ
560,000066.SZ
561,000068.SZ
562,000069.SZ
563,000070.SZ
564,000611.SZ
565,000612.SZ
566,000613.SZ
567,000615.SZ
568,000616.SZ
569,000400.SZ
570,000401.SZ
571,000402.SZ
572,000403.SZ
573,000404.SZ
574,000850.SZ
575,000851.SZ
576,000856.SZ
577,000858.SZ
578,301191.SZ
579,000898.SZ
580,000899.SZ
581,000901.SZ
582,000751.SZ
583,000752.SZ
584,000753.SZ
585,000755.SZ
586,000948.SZ
587,000949.SZ
588,000950.SZ
589,000951.SZ
590,300776.SZ
591,301045.SZ
592,000902.SZ
593,000903.SZ
594,000905.SZ
595,000757.SZ
596,000758.SZ
597,000759.SZ
598,000760.SZ
599,000952.SZ
600,000953.SZ
601,000955.SZ
602,000956.SZ
603,300830.SZ
604,001332.SZ
605,000908.SZ
606,000909.SZ
607,000910.SZ
608,000911.SZ
609,000761.SZ
610,000762.SZ
611,000763.SZ
612,001267.SZ
613,000767.SZ
614,000958.SZ
615,000959.SZ
616,000960.SZ
617,000961.SZ
618,000962.SZ
619,300671.SZ
620,000913.SZ
621,000915.SZ
622,000916.SZ
623,000917.SZ
624,000918.SZ
625,000768.SZ
626,000769.SZ
627,000776.SZ
628,000777.SZ
629,000963.SZ
630,000965.SZ
631,000966.SZ
632,000967.SZ
633,000919.SZ
634,000920.SZ
635,000922.SZ
636,000923.SZ
637,000778.SZ
638,000779.SZ
639,000780.SZ
640,000783.SZ
641,000969.SZ
642,000970.SZ
643,000971.SZ
644,000968.SZ
645,000972.SZ
646,300633.SZ
647,000925.SZ
648,000926.SZ
649,000927.SZ
650,000928.SZ
651,000786.SZ
652,000787.SZ
653,000788.SZ
654,000789.SZ
655,000973.SZ
656,000975.SZ
657,000976.SZ
658,000977.SZ
659,300613.SZ
660,000929.SZ
661,000930.SZ
662,000931.SZ
663,000932.SZ
664,000933.SZ
665,000791.SZ
666,000792.SZ
667,000793.SZ
668,000790.SZ
669,000978.SZ
670,000979.SZ
671,000980.SZ
672,000981.SZ
673,000935.SZ
674,000937.SZ
675,000938.SZ
676,000939.SZ
677,000795.SZ
678,000796.SZ
679,000797.SZ
680,000799.SZ
681,000982.SZ
682,000983.SZ
683,000985.SZ
684,000988.SZ
685,000699.SZ
686,000700.SZ
687,000701.SZ
688,000702.SZ
689,000703.SZ
690,000800.SZ
691,000801.SZ
692,000802.SZ
693,000989.SZ
694,000990.SZ
695,000991.SZ
696,000993.SZ
697,000995.SZ
698,000996.SZ
699,301221.SZ
700,000705.SZ
701,000707.SZ
702,000708.SZ
703,000803.SZ
704,000805.SZ
705,000806.SZ
706,000997.SZ
707,000998.SZ
708,000999.SZ
709,000488.SZ
710,000861.SZ
711,000862.SZ
712,000863.SZ
713,000859.SZ
714,000709.SZ
715,000710.SZ
716,000711.SZ
717,000712.SZ
718,000807.SZ
719,000809.SZ
720,000810.SZ
721,000812.SZ
722,000725.SZ
723,000726.SZ
724,000866.SZ
725,000868.SZ
726,000869.SZ
727,000876.SZ
728,000713.SZ
729,000715.SZ
730,000717.SZ
731,000815.SZ
732,000816.SZ
733,000817.SZ
734,000818.SZ
735,000813.SZ
736,003040.SZ
737,000877.SZ
738,000878.SZ
739,000880.SZ
740,000718.SZ
741,000719.SZ
742,000720.SZ
743,000721.SZ
744,000819.SZ
745,000820.SZ
746,000821.SZ
747,000822.SZ
748,301588.SZ
749,000881.SZ
750,000882.SZ
751,000883.SZ
752,000886.SZ
753,000727.SZ
754,000728.SZ
755,000729.SZ
756,000722.SZ
757,000825.SZ
758,000826.SZ
759,000827.SZ
760,000828.SZ
761,000829.SZ
762,002929.SZ
763,301077.SZ
764,300925.SZ
765,000887.SZ
766,000888.SZ
767,000889.SZ
768,000890.SZ
769,000731.SZ
770,000732.SZ
771,000733.SZ
772,000730.SZ
773,000735.SZ
774,000830.SZ
775,000831.SZ
776,000832.SZ
777,000833.SZ
778,000835.SZ
779,301180.SZ
780,000892.SZ
781,000893.SZ
782,000895.SZ
783,001896.SZ
784,000737.SZ
785,000738.SZ
786,000739.SZ
787,000748.SZ
788,000838.SZ
789,000839.SZ
790,000848.SZ
791,000836.SZ
792,301027.SZ
793,301293.SZ
794,001318.SZ
795,300617.SZ
796,301187.SZ
797,300674.SZ
798,002181.SZ
799,002976.SZ
800,301488.SZ
801,301516.SZ
802,300926.SZ
803,300737.SZ
804,301396.SZ
805,300638.SZ
806,002825.SZ
807,300775.SZ
808,001235.SZ
809,301508.SZ
810,002510.SZ
811,301205.SZ
812,002709.SZ
813,301518.SZ
814,300497.SZ
815,002907.SZ
816,301007.SZ
817,300965.SZ
818,300999.SZ
819,000333.SZ
820,301270.SZ
821,002866.SZ
822,301178.SZ
823,301618.SZ
824,002427.SZ
825,003003.SZ
826,002365.SZ
827,002358.SZ
828,001255.SZ
829,301024.SZ
830,002003.SZ
831,002023.SZ
832,002206.SZ
833,002963.SZ
834,002005.SZ
835,002006.SZ
836,300205.SZ
837,002946.SZ
838,301185.SZ
839,301269.SZ
840,300873.SZ
841,301135.SZ
842,300602.SZ
843,002520.SZ
844,002043.SZ
845,002004.SZ
846,002024.SZ
847,300760.SZ
848,000338.SZ
849,301111.SZ
850,301308.SZ
851,300683.SZ
852,300294.SZ
853,001227.SZ
854,300195.SZ
855,300609.SZ
856,301056.SZ
857,301155.SZ
858,301039.SZ
859,002570.SZ
860,002931.SZ
861,300747.SZ
862,300349.SZ
863,002124.SZ
864,001266.SZ
865,002949.SZ
866,300605.SZ
867,301321.SZ
868,300801.SZ
869,301082.SZ
870,300627.SZ
871,002943.SZ
872,003013.SZ
873,300673.SZ
874,300896.SZ
875,300342.SZ
876,002014.SZ
877,002028.SZ
878,300376.SZ
879,002015.SZ
880,301037.SZ
881,001230.SZ
882,301265.SZ
883,002016.SZ
884,002029.SZ
885,300549.SZ
886,300361.SZ
887,300883.SZ
888,300175.SZ
889,002030.SZ
890,002017.SZ
891,002018.SZ
892,300557.SZ
893,301006.SZ
894,002981.SZ
895,300503.SZ
896,300202.SZ
897,002019.SZ
898,002020.SZ
899,002021.SZ
900,002039.SZ
901,000166.SZ
902,002736.SZ
903,300832.SZ
904,002042.SZ
905,002322.SZ
906,300885.SZ
907,002939.SZ
908,002500.SZ
909,002797.SZ
910,002347.SZ
911,002048.SZ
912,300940.SZ
913,003005.SZ
914,003001.SZ
915,300313.SZ
916,300778.SZ
917,002031.SZ
918,002049.SZ
919,001979.SZ
920,301156.SZ
921,300319.SZ
922,300151.SZ
923,002050.SZ
924,002032.SZ
925,002022.SZ
926,002985.SZ
927,300434.SZ
928,300498.SZ
929,301101.SZ
930,301162.SZ
931,002033.SZ
932,300723.SZ
933,001313.SZ
934,301337.SZ
935,301138.SZ
936,003017.SZ
937,002786.SZ
938,300687.SZ
939,002034.SZ
940,002025.SZ
941,001965.SZ
942,301528.SZ
943,301305.SZ
944,002007.SZ
945,001239.SZ
946,001212.SZ
947,300916.SZ
948,300711.SZ
949,002008.SZ
950,002869.SZ
951,002009.SZ
952,301538.SZ
953,300992.SZ
954,001289.SZ
955,300774.SZ
956,002010.SZ
957,301502.SZ
958,002109.SZ
959,301011.SZ
960,002011.SZ
961,001308.SZ
962,002903.SZ
963,300715.SZ
964,002888.SZ
965,301399.SZ
966,002909.SZ
967,001207.SZ
968,301207.SZ
969,002139.SZ
970,002035.SZ
971,301317.SZ
972,301248.SZ
973,301060.SZ
974,002448.SZ
975,002343.SZ
976,002300.SZ
977,002012.SZ
978,002036.SZ
979,002027.SZ
980,002013.SZ
981,300802.SZ
982,002084.SZ
983,002081.SZ
984,300970.SZ
985,300823.SZ
986,300119.SZ
987,300542.SZ
988,001278.SZ
989,300560.SZ
990,002999.SZ
991,002309.SZ
992,300106.SZ
993,300279.SZ
994,002455.SZ
995,001213.SZ
996,002523.SZ
997,300018.SZ
998,300323.SZ
999,002643.SZ
1000,002783.SZ
1001,002149.SZ
1002,301131.SZ
1003,300653.SZ
1004,300273.SZ
1005,300190.SZ
1006,300088.SZ
1007,300023.SZ
1008,002296.SZ
1009,002917.SZ
1010,002053.SZ
1011,300006.SZ
1012,300142.SZ
1013,002324.SZ
1014,002568.SZ
1015,002506.SZ
1016,300226.SZ
1017,300008.SZ
1018,002104.SZ
1019,002727.SZ
1020,002839.SZ
1021,002756.SZ
1022,002703.SZ
1023,300820.SZ
1024,002527.SZ
1025,300547.SZ
1026,002351.SZ
1027,300199.SZ
1028,301469.SZ
1029,300303.SZ
1030,002108.SZ
1031,002054.SZ
1032,301225.SZ
1033,002687.SZ
1034,002686.SZ
1035,002406.SZ
1036,301525.SZ
1037,300039.SZ
1038,002809.SZ
1039,300819.SZ
1040,300318.SZ
1041,002141.SZ
1042,002718.SZ
1043,002381.SZ
1044,002588.SZ
1045,002366.SZ
1046,300072.SZ
1047,300070.SZ
1048,002668.SZ
1049,002055.SZ
1050,002479.SZ
1051,002418.SZ
1052,002799.SZ
1053,300103.SZ
1054,300388.SZ
1055,300015.SZ
1056,002530.SZ
1057,002507.SZ
1058,002375.SZ
1059,002111.SZ
1060,002107.SZ
1061,002087.SZ
1062,300033.SZ
1063,300074.SZ
1064,002069.SZ
1065,002082.SZ
1066,002092.SZ
1067,002403.SZ
1068,002637.SZ
1069,300022.SZ
1070,002749.SZ
1071,002863.SZ
1072,002089.SZ
1073,002057.SZ
1074,002077.SZ
1075,002079.SZ
1076,300020.SZ
1077,300164.SZ
1078,002078.SZ
1079,300016.SZ
1080,002058.SZ
1081,002806.SZ
1082,002857.SZ
1083,002669.SZ
1084,300272.SZ
1085,301313.SZ
1086,002059.SZ
1087,002091.SZ
1088,002094.SZ
1089,300271.SZ
1090,300168.SZ
1091,300693.SZ
1092,301368.SZ
1093,301046.SZ
1094,002065.SZ
1095,002153.SZ
1096,002063.SZ
1097,300051.SZ
1098,300102.SZ
1099,002562.SZ
1100,301529.SZ
1101,301218.SZ
1102,300728.SZ
1103,300833.SZ
1104,002095.SZ
1105,002052.SZ
1106,002090.SZ
1107,002567.SZ
1108,002432.SZ
1109,300407.SZ
1110,301273.SZ
1111,002595.SZ
1112,300185.SZ
1113,002470.SZ
1114,002573.SZ
1115,300344.SZ
1116,300135.SZ
1117,002478.SZ
1118,002733.SZ
1119,002482.SZ
1120,002613.SZ
1121,300189.SZ
1122,300073.SZ
1123,300513.SZ
1124,300157.SZ
1125,300339.SZ
1126,300284.SZ
1127,002313.SZ
1128,300035.SZ
1129,001218.SZ
1130,002549.SZ
1131,001216.SZ
1132,300182.SZ
1133,300075.SZ
1134,300324.SZ
1135,002576.SZ
1136,002519.SZ
1137,002513.SZ
1138,002660.SZ
1139,002421.SZ
1140,002316.SZ
1141,300267.SZ
1142,300187.SZ
1143,300730.SZ
1144,300212.SZ
1145,300682.SZ
1146,002409.SZ
1147,002778.SZ
1148,300095.SZ
1149,002591.SZ
1150,002384.SZ
1151,300390.SZ
1152,002452.SZ
1153,300566.SZ
1154,002698.SZ
1155,002385.SZ
1156,002695.SZ
1157,002460.SZ
1158,002610.SZ
1159,002808.SZ
1160,300382.SZ
1161,300192.SZ
1162,002315.SZ
1163,002422.SZ
1164,002499.SZ
1165,002601.SZ
1166,002321.SZ
1167,002426.SZ
1168,300331.SZ
1169,002336.SZ
1170,300887.SZ
1171,002680.SZ
1172,002642.SZ
1173,001210.SZ
1174,300007.SZ
1175,300437.SZ
1176,002661.SZ
1177,002910.SZ
1178,002425.SZ
1179,002722.SZ
1180,300116.SZ
1181,300134.SZ
1182,300097.SZ
1183,300196.SZ
1184,002536.SZ
1185,300829.SZ
1186,002928.SZ
1187,300027.SZ
1188,002545.SZ
1189,300110.SZ
1190,002498.SZ
1191,300010.SZ
1192,002373.SZ
1193,300463.SZ
1194,002497.SZ
1195,002592.SZ
1196,300379.SZ
1197,002638.SZ
1198,300034.SZ
1199,300231.SZ
1200,300011.SZ
1201,002368.SZ
1202,300274.SZ
1203,002622.SZ
1204,300372.SZ
1205,002449.SZ
1206,300472.SZ
1207,002367.SZ
1208,002579.SZ
1209,002521.SZ
1210,300014.SZ
1211,300047.SZ
1212,300052.SZ
1213,300264.SZ
1214,301222.SZ
1215,002457.SZ
1216,300076.SZ
1217,002819.SZ
1218,002310.SZ
1219,300367.SZ
1220,002906.SZ
1221,002750.SZ
1222,002436.SZ
1223,300012.SZ
1224,300163.SZ
1225,002657.SZ
1226,300003.SZ
1227,300406.SZ
1228,300851.SZ
1229,002364.SZ
1230,002587.SZ
1231,300130.SZ
1232,300568.SZ
1233,300042.SZ
1234,002473.SZ
1235,002878.SZ
1236,300541.SZ
1237,300296.SZ
1238,002415.SZ
1239,002534.SZ
1240,002535.SZ
1241,300868.SZ
1242,300124.SZ
1243,002399.SZ
1244,300206.SZ
1245,300314.SZ
1246,300329.SZ
1247,300659.SZ
1248,002805.SZ
1249,300321.SZ
1250,300045.SZ
1251,300295.SZ
1252,002471.SZ
1253,300178.SZ
1254,300389.SZ
1255,002580.SZ
1256,002476.SZ
1257,300099.SZ
1258,002376.SZ
1259,002554.SZ
1260,002383.SZ
1261,300302.SZ
1262,300117.SZ
1263,002540.SZ
1264,002559.SZ
1265,300356.SZ
1266,300346.SZ
1267,300044.SZ
1268,300167.SZ
1269,300546.SZ
1270,002526.SZ
1271,002921.SZ
1272,300651.SZ
1273,300240.SZ
1274,300024.SZ
1275,301137.SZ
1276,300310.SZ
1277,002678.SZ
1278,002410.SZ
1279,300641.SZ
1280,300468.SZ
1281,300203.SZ
1282,002710.SZ
1283,002312.SZ
1284,002651.SZ
1285,301067.SZ
1286,301353.SZ
1287,300933.SZ
1288,300690.SZ
1289,300652.SZ
1290,300169.SZ
1291,002773.SZ
1292,300019.SZ
1293,002697.SZ
1294,300028.SZ
1295,300127.SZ
1296,300138.SZ
1297,300408.SZ
1298,300745.SZ
1299,002218.SZ
1300,002214.SZ
1301,002235.SZ
1302,002288.SZ
1303,301398.SZ
1304,301323.SZ
1305,300021.SZ
1306,002883.SZ
1307,300375.SZ
1308,300474.SZ
1309,002222.SZ
1310,002407.SZ
1311,002201.SZ
1312,300543.SZ
1313,300688.SZ
1314,301112.SZ
1315,002417.SZ
1316,002509.SZ
1317,002123.SZ
1318,002125.SZ
1319,300213.SZ
1320,002474.SZ
1321,300598.SZ
1322,002121.SZ
1323,002126.SZ
1324,002122.SZ
1325,002129.SZ
1326,002180.SZ
1327,002197.SZ
1328,002151.SZ
1329,003029.SZ
1330,300338.SZ
1331,002143.SZ
1332,002443.SZ
1333,002743.SZ
1334,300373.SZ
1335,002386.SZ
1336,301319.SZ
1337,301318.SZ
1338,300009.SZ
1339,002361.SZ
1340,300825.SZ
1341,002127.SZ
1342,002131.SZ
1343,002132.SZ
1344,002371.SZ
1345,002763.SZ
1346,300583.SZ
1347,001229.SZ
1348,300068.SZ
1349,300111.SZ
1350,002135.SZ
1351,002134.SZ
1352,002138.SZ
1353,002248.SZ
1354,002156.SZ
1355,002155.SZ
1356,002178.SZ
1357,002488.SZ
1358,002440.SZ
1359,002674.SZ
1360,300056.SZ
1361,002137.SZ
1362,002152.SZ
1363,002150.SZ
1364,002133.SZ
1365,300370.SZ
1366,301226.SZ
1367,002308.SZ
1368,300161.SZ
1369,002563.SZ
1370,002136.SZ
1371,002128.SZ
1372,002130.SZ
1373,002250.SZ
1374,002267.SZ
1375,002157.SZ
1376,002257.SZ
1377,002147.SZ
1378,002666.SZ
1379,002600.SZ
1380,002345.SZ
1381,002684.SZ
1382,301151.SZ
1383,002605.SZ
1384,002769.SZ
1385,002113.SZ
1386,002170.SZ
1387,300448.SZ
1388,300137.SZ
1389,300086.SZ
1390,002339.SZ
1391,002433.SZ
1392,002400.SZ
1393,002918.SZ
1394,300093.SZ
1395,300221.SZ
1396,002340.SZ
1397,001283.SZ
1398,002547.SZ
1399,002715.SZ
1400,301279.SZ
1401,300862.SZ
1402,002533.SZ
1403,002502.SZ
1404,300482.SZ
1405,300147.SZ
1406,300260.SZ
1407,301311.SZ
1408,300306.SZ
1409,002423.SZ
1410,300038.SZ
1411,300200.SZ
1412,002437.SZ
1413,002196.SZ
1414,002241.SZ
1415,002245.SZ
1416,002177.SZ
1417,300695.SZ
1418,300913.SZ
1419,300837.SZ
1420,002169.SZ
1421,002163.SZ
1422,002255.SZ
1423,002174.SZ
1424,002164.SZ
1425,300886.SZ
1426,301092.SZ
1427,300642.SZ
1428,002253.SZ
1429,002246.SZ
1430,002234.SZ
1431,002195.SZ
1432,003020.SZ
1433,300836.SZ
1434,002972.SZ
1435,002397.SZ
1436,002194.SZ
1437,002272.SZ
1438,300514.SZ
1439,002845.SZ
1440,300739.SZ
1441,301220.SZ
1442,300942.SZ
1443,301315.SZ
1444,300697.SZ
1445,002171.SZ
1446,002175.SZ
1447,002266.SZ
1448,002304.SZ
1449,301356.SZ
1450,301556.SZ
1451,002434.SZ
1452,300069.SZ
1453,300067.SZ
1454,300812.SZ
1455,001314.SZ
1456,002189.SZ
1457,002223.SZ
1458,002262.SZ
1459,301161.SZ
1460,002998.SZ
1461,002259.SZ
1462,002233.SZ
1463,002243.SZ
1464,300708.SZ
1465,301106.SZ
1466,002447.SZ
1467,002459.SZ
1468,002284.SZ
1469,002282.SZ
1470,301499.SZ
1471,003041.SZ
1472,002173.SZ
1473,002225.SZ
1474,002260.SZ
1475,002188.SZ
1476,003021.SZ
1477,003028.SZ
1478,002849.SZ
1479,001256.SZ
1480,002438.SZ
1481,300002.SZ
1482,300713.SZ
1483,002258.SZ
1484,002264.SZ
1485,002419.SZ
1486,300907.SZ
1487,300686.SZ
1488,300771.SZ
1489,002276.SZ
1490,002221.SZ
1491,002251.SZ
1492,002204.SZ
1493,002212.SZ
1494,002165.SZ
1495,002192.SZ
1496,002199.SZ
1497,002362.SZ
1498,002283.SZ
1499,002226.SZ
1500,002217.SZ
1501,002209.SZ
1502,002467.SZ
1503,002274.SZ
1504,002273.SZ
1505,002396.SZ
1506,002490.SZ
1507,002329.SZ
1508,300854.SZ
1509,300792.SZ
1510,002158.SZ
1511,002183.SZ
1512,002208.SZ
1513,002215.SZ
1514,300898.SZ
1515,300996.SZ
1516,001330.SZ
1517,002185.SZ
1518,002271.SZ
1519,002193.SZ
1520,002240.SZ
1521,002252.SZ
1522,002265.SZ
1523,300637.SZ
1524,300872.SZ
1525,002254.SZ
1526,002160.SZ
1527,002391.SZ
1528,002210.SZ
1529,002186.SZ
1530,002166.SZ
1531,002228.SZ
1532,002544.SZ
1533,300465.SZ
1534,002161.SZ
1535,002249.SZ
1536,002256.SZ
1537,002244.SZ
1538,002239.SZ
1539,002238.SZ
1540,002247.SZ
1541,002227.SZ
1542,300809.SZ
1543,002933.SZ
1544,301500.SZ
1545,301059.SZ
1546,003009.SZ
1547,002281.SZ
1548,002224.SZ
1549,002219.SZ
1550,002176.SZ
1551,002237.SZ
1552,002230.SZ
1553,002182.SZ
1554,301053.SZ
1555,300995.SZ
1556,002202.SZ
1557,002162.SZ
1558,002270.SZ
1559,002446.SZ
1560,002269.SZ
1561,002184.SZ
1562,002205.SZ
1563,002198.SZ
1564,002360.SZ
1565,002179.SZ
1566,300585.SZ
1567,301298.SZ
1568,301195.SZ
1569,300563.SZ
1570,301591.SZ
1571,002683.SZ
1572,002299.SZ
1573,300059.SZ
1574,002213.SZ
1575,002293.SZ
1576,002294.SZ
1577,002286.SZ
1578,002287.SZ
1579,002289.SZ
1580,300554.SZ
1581,300810.SZ
1582,002987.SZ
1583,002278.SZ
1584,002441.SZ
1585,300061.SZ
1586,002297.SZ
1587,002290.SZ
1588,002461.SZ
1589,002599.SZ
1590,002291.SZ
1591,301360.SZ
1592,301125.SZ
1593,301378.SZ
1594,300555.SZ
1595,300882.SZ
1596,300235.SZ
1597,300084.SZ
1598,002292.SZ
1599,002285.SZ
1600,301302.SZ
1601,002280.SZ
1602,300725.SZ
1603,002586.SZ
1604,300979.SZ
1605,301489.SZ
1606,002444.SZ
1607,002492.SZ
1608,002445.SZ
1609,300487.SZ
1610,300509.SZ
1611,300165.SZ
1612,301428.SZ
1613,002346.SZ
1614,301258.SZ
1615,300517.SZ
1616,300261.SZ
1617,002317.SZ
1618,002319.SZ
1619,300032.SZ
1620,002529.SZ
1621,002318.SZ
1622,300040.SZ
1623,002745.SZ
1624,300083.SZ
1625,300062.SZ
1626,300101.SZ
1627,002504.SZ
1628,002325.SZ
1629,002353.SZ
1630,002589.SZ
1631,300624.SZ
1632,300816.SZ
1633,300041.SZ
1634,002359.SZ
1635,300030.SZ
1636,300247.SZ
1637,300857.SZ
1638,300216.SZ
1639,002328.SZ
1640,002311.SZ
1641,300017.SZ
1642,300071.SZ
1643,301303.SZ
1644,300835.SZ
1645,300644.SZ
1646,300755.SZ
1647,002515.SZ
1648,300025.SZ
1649,002370.SZ
1650,301361.SZ
1651,301389.SZ
1652,002326.SZ
1653,002323.SZ
1654,002344.SZ
1655,002314.SZ
1656,002984.SZ
1657,300219.SZ
1658,300063.SZ
1659,002688.SZ
1660,300049.SZ
1661,002277.SZ
1662,300784.SZ
1663,301181.SZ
1664,002229.SZ
1665,300963.SZ
1666,301122.SZ
1667,300001.SZ
1668,300004.SZ
1669,300005.SZ
1670,300923.SZ
1671,301008.SZ
1672,300013.SZ
1673,002334.SZ
1674,002220.SZ
1675,300814.SZ
1676,300584.SZ
1677,300684.SZ
1678,300523.SZ
1679,300706.SZ
1680,301459.SZ
1681,301199.SZ
1682,300649.SZ
1683,002679.SZ
1684,300732.SZ
1685,002826.SZ
1686,002897.SZ
1687,300564.SZ
1688,002856.SZ
1689,300540.SZ
1690,300386.SZ
1691,300569.SZ
1692,301234.SZ
1693,001324.SZ
1694,300307.SZ
1695,301193.SZ
1696,300666.SZ
1697,300485.SZ
1698,300884.SZ
1699,301429.SZ
1700,300236.SZ
1701,300508.SZ
1702,300365.SZ
1703,300415.SZ
1704,001299.SZ
1705,001287.SZ
1706,300254.SZ
1707,300420.SZ
1708,300174.SZ
1709,002617.SZ
1710,002751.SZ
1711,002598.SZ
1712,001282.SZ
1713,301448.SZ
1714,301013.SZ
1715,301010.SZ
1716,301596.SZ
1717,001258.SZ
1718,300334.SZ
1719,300888.SZ
1720,002923.SZ
1721,002747.SZ
1722,002650.SZ
1723,300494.SZ
1724,300317.SZ
1725,301292.SZ
1726,300418.SZ
1727,300276.SZ
1728,002858.SZ
1729,300912.SZ
1730,002848.SZ
1731,300786.SZ
1732,300502.SZ
1733,300856.SZ
1734,301041.SZ
1735,301571.SZ
1736,001206.SZ
1737,002898.SZ
1738,002886.SZ
1739,301168.SZ
1740,301377.SZ
1741,301278.SZ
1742,002879.SZ
1743,002634.SZ
1744,300758.SZ
1745,300105.SZ
1746,301366.SZ
1747,001234.SZ
1748,002759.SZ
1749,300077.SZ
1750,300181.SZ
1751,001337.SZ
1752,301108.SZ
1753,001268.SZ
1754,300831.SZ
1755,002659.SZ
1756,002590.SZ
1757,002541.SZ
1758,001360.SZ
1759,301232.SZ
1760,300931.SZ
1761,301421.SZ
1762,002723.SZ
1763,002817.SZ
1764,300576.SZ
1765,301550.SZ
1766,301128.SZ
1767,002996.SZ
1768,300464.SZ
1769,300773.SZ
1770,300366.SZ
1771,301217.SZ
1772,001331.SZ
1773,301179.SZ
1774,300938.SZ
1775,300281.SZ
1776,002798.SZ
1777,301285.SZ
1778,300976.SZ
1779,301018.SZ
1780,300770.SZ
1781,002685.SZ
1782,300556.SZ
1783,002767.SZ
1784,300581.SZ
1785,300588.SZ
1786,301043.SZ
1787,301382.SZ
1788,002979.SZ
1789,301065.SZ
1790,002682.SZ
1791,301503.SZ
1792,002537.SZ
1793,301456.SZ
1794,301357.SZ
1795,300967.SZ
1796,300826.SZ
1797,003015.SZ
1798,300603.SZ
1799,002522.SZ
1800,300490.SZ
1801,300352.SZ
1802,002714.SZ
1803,300983.SZ
1804,300332.SZ
1805,301020.SZ
1806,002815.SZ
1807,002582.SZ
1808,301009.SZ
1809,300788.SZ
1810,002850.SZ
1811,001339.SZ
1812,002830.SZ
1813,300158.SZ
1814,300815.SZ
1815,300945.SZ
1816,001270.SZ
1817,002676.SZ
1818,002875.SZ
1819,301296.SZ
1820,300953.SZ
1821,002818.SZ
1822,001316.SZ
1823,002701.SZ
1824,002995.SZ
1825,300501.SZ
1826,300664.SZ
1827,002564.SZ
1828,300943.SZ
1829,300895.SZ
1830,002982.SZ
1831,300606.SZ
1832,300562.SZ
1833,300677.SZ
1834,002920.SZ
1835,002597.SZ
1836,001277.SZ
1837,300579.SZ
1838,002870.SZ
1839,301607.SZ
1840,001215.SZ
1841,002542.SZ
1842,002728.SZ
1843,002552.SZ
1844,301016.SZ
1845,301551.SZ
1846,300753.SZ
1847,002585.SZ
1848,300950.SZ
1849,300869.SZ
1850,002641.SZ
1851,301201.SZ
1852,001259.SZ
1853,002958.SZ
1854,301153.SZ
1855,002691.SZ
1856,300347.SZ
1857,002876.SZ
1858,002760.SZ
1859,300211.SZ
1860,300298.SZ
1861,300399.SZ
1862,300847.SZ
1863,300534.SZ
1864,300403.SZ
1865,301110.SZ
1866,301025.SZ
1867,301387.SZ
1868,002708.SZ
1869,301215.SZ
1870,300663.SZ
1871,300735.SZ
1872,300863.SZ
1873,003033.SZ
1874,300422.SZ
1875,300795.SZ
1876,002575.SZ
1877,300500.SZ
1878,002662.SZ
1879,300220.SZ
1880,300767.SZ
1881,002802.SZ
1882,301536.SZ
1883,002781.SZ
1884,300227.SZ
1885,300596.SZ
1886,300343.SZ
1887,300796.SZ
1888,002880.SZ
1889,002620.SZ
1890,300904.SZ
1891,301522.SZ
1892,300586.SZ
1893,300572.SZ
1894,300320.SZ
1895,300287.SZ
1896,003007.SZ
1897,300781.SZ
1898,300488.SZ
1899,002655.SZ
1900,002820.SZ
1901,300283.SZ
1902,300426.SZ
1903,300438.SZ
1904,301380.SZ
1905,301078.SZ
1906,300548.SZ
1907,300858.SZ
1908,300994.SZ
1909,300217.SZ
1910,300731.SZ
1911,301198.SZ
1912,300610.SZ
1913,301088.SZ
1914,002777.SZ
1915,300351.SZ
1916,301391.SZ
1917,301276.SZ
1918,300640.SZ
1919,300301.SZ
1920,300561.SZ
1921,002602.SZ
1922,300958.SZ
1923,300228.SZ
1924,300432.SZ
1925,002787.SZ
1926,002543.SZ
1927,300733.SZ
1928,300709.SZ
1929,300607.SZ
1930,300817.SZ
1931,002648.SZ
1932,301603.SZ
1933,300291.SZ
1934,002757.SZ
1935,301081.SZ
1936,300285.SZ
1937,002835.SZ
1938,301362.SZ
1939,002885.SZ
1940,002640.SZ
1941,001301.SZ
1942,002884.SZ
1943,300155.SZ
1944,300385.SZ
1945,300447.SZ
1946,002847.SZ
1947,300740.SZ
1948,300655.SZ
1949,002646.SZ
1950,301237.SZ
1951,301165.SZ
1952,002838.SZ
1953,001208.SZ
1954,301190.SZ
1955,001296.SZ
1956,301388.SZ
1957,300391.SZ
1958,001288.SZ
1959,300751.SZ
1960,300234.SZ
1961,300395.SZ
1962,300957.SZ
1963,300621.SZ
1964,002795.SZ
1965,301290.SZ
1966,002951.SZ
1967,300336.SZ
1968,002881.SZ
1969,300484.SZ
1970,300364.SZ
1971,300893.SZ
1972,300243.SZ
1973,300312.SZ
1974,300237.SZ
1975,002992.SZ
1976,301229.SZ
1977,002800.SZ
1978,300861.SZ
1979,300292.SZ
1980,301127.SZ
1981,300475.SZ
1982,300270.SZ
1983,300536.SZ
1984,001319.SZ
1985,301177.SZ
1986,301301.SZ
1987,301208.SZ
1988,301212.SZ
1989,002941.SZ
1990,300729.SZ
1991,002706.SZ
1992,002649.SZ
1993,300176.SZ
1994,300993.SZ
1995,300665.SZ
1996,300545.SZ
1997,300890.SZ
1998,300871.SZ
1999,002816.SZ
2000,300348.SZ
2001,300357.SZ
2002,002531.SZ
2003,300256.SZ
2004,301600.SZ
2005,300956.SZ
2006,300355.SZ
2007,301002.SZ
2008,300521.SZ
2009,301075.SZ
2010,300451.SZ
2011,301326.SZ
2012,001279.SZ
2013,300255.SZ
2014,301370.SZ
2015,300567.SZ
2016,002912.SZ
2017,002868.SZ
2018,002681.SZ
2019,300160.SZ
2020,300417.SZ
2021,002780.SZ
2022,300793.SZ
2023,002553.SZ
2024,300721.SZ
2025,300881.SZ
2026,301238.SZ
2027,001228.SZ
2028,002762.SZ
2029,301626.SZ
2030,300381.SZ
2031,300455.SZ
2032,301136.SZ
2033,001203.SZ
2034,300222.SZ
2035,300416.SZ
2036,300952.SZ
2037,300268.SZ
2038,300639.SZ
2039,002873.SZ
2040,301345.SZ
2041,002758.SZ
2042,300518.SZ
2043,300676.SZ
2044,002810.SZ
2045,300431.SZ
2046,300520.SZ
2047,002645.SZ
2048,300691.SZ
2049,301281.SZ
2050,002859.SZ
2051,300769.SZ
2052,301288.SZ
2053,001322.SZ
2054,002671.SZ
2055,300959.SZ
2056,301261.SZ
2057,300656.SZ
2058,300224.SZ
2059,002955.SZ
2060,300705.SZ
2061,300251.SZ
2062,300082.SZ
2063,002636.SZ
2064,300473.SZ
2065,300248.SZ
2066,300623.SZ
2067,002893.SZ
2068,300201.SZ
2069,301408.SZ
2070,300977.SZ
2071,300632.SZ
2072,300308.SZ
2073,002584.SZ
2074,301093.SZ
2075,300698.SZ
2076,300371.SZ
2077,002619.SZ
2078,300834.SZ
2079,002729.SZ
2080,301004.SZ
2081,300486.SZ
2082,002962.SZ
2083,300539.SZ
2084,002616.SZ
2085,001311.SZ
2086,301057.SZ
2087,001359.SZ
2088,001323.SZ
2089,300384.SZ
2090,301129.SZ
2091,300282.SZ
2092,300208.SZ
2093,300763.SZ
2094,300427.SZ
2095,002557.SZ
2096,300599.SZ
2097,002431.SZ
2098,300239.SZ
2099,003004.SZ
2100,002833.SZ
2101,002732.SZ
2102,301109.SZ
2103,003002.SZ
2104,301055.SZ
2105,300286.SZ
2106,002925.SZ
2107,002986.SZ
2108,301355.SZ
2109,001238.SZ
2110,002824.SZ
2111,300948.SZ
2112,002922.SZ
2113,001367.SZ
2114,002746.SZ
2115,301099.SZ
2116,003025.SZ
2117,001205.SZ
2118,300421.SZ
2119,300867.SZ
2120,300483.SZ
2121,002639.SZ
2122,300462.SZ
2123,300186.SZ
2124,001269.SZ
2125,002993.SZ
2126,301320.SZ
2127,300580.SZ
2128,300180.SZ
2129,300889.SZ
2130,003035.SZ
2131,301257.SZ
2132,001231.SZ
2133,301539.SZ
2134,002665.SZ
2135,300515.SZ
2136,002915.SZ
2137,301098.SZ
2138,300327.SZ
2139,301038.SZ
2140,002724.SZ
2141,300378.SZ
2142,300628.SZ
2143,300716.SZ
2144,002989.SZ
2145,002712.SZ
2146,300960.SZ
2147,300293.SZ
2148,002677.SZ
2149,301329.SZ
2150,300454.SZ
2151,301051.SZ
2152,300246.SZ
2153,300590.SZ
2154,300441.SZ
2155,300328.SZ
2156,300368.SZ
2157,002852.SZ
2158,002990.SZ
2159,002667.SZ
2160,002524.SZ
2161,301468.SZ
2162,300400.SZ
2163,002737.SZ
2164,002689.SZ
2165,300288.SZ
2166,003042.SZ
2167,300430.SZ
2168,002967.SZ
2169,300622.SZ
2170,002813.SZ
2171,301577.SZ
2172,300876.SZ
2173,002633.SZ
2174,300333.SZ
2175,002953.SZ
2176,002965.SZ
2177,300460.SZ
2178,002957.SZ
2179,300340.SZ
2180,003023.SZ
2181,002862.SZ
2182,301299.SZ
2183,003030.SZ
2184,300550.SZ
2185,300392.SZ
2186,300668.SZ
2187,300604.SZ
2188,002593.SZ
2189,300458.SZ
2190,003038.SZ
2191,301158.SZ
2192,300507.SZ
2193,002581.SZ
2194,002988.SZ
2195,002654.SZ
2196,301517.SZ
2197,002606.SZ
2198,002882.SZ
2199,002899.SZ
2200,002801.SZ
2201,300736.SZ
2202,300362.SZ
2203,301126.SZ
2204,300423.SZ
2205,300443.SZ
2206,002711.SZ
2207,002692.SZ
2208,301277.SZ
2209,301149.SZ
2210,300761.SZ
2211,300405.SZ
2212,300559.SZ
2213,002596.SZ
2214,002675.SZ
2215,002612.SZ
2216,301085.SZ
2217,300350.SZ
2218,002861.SZ
2219,300782.SZ
2220,300738.SZ
2221,002971.SZ
2222,301000.SZ
2223,300297.SZ
2224,002790.SZ
2225,300532.SZ
2226,002841.SZ
2227,002621.SZ
2228,300442.SZ
2229,300466.SZ
2230,300985.SZ
2231,300259.SZ
2232,300257.SZ
2233,301036.SZ
2234,300449.SZ
2235,002969.SZ
2236,300505.SZ
2237,300322.SZ
2238,300973.SZ
2239,300785.SZ
2240,300838.SZ
2241,002836.SZ
2242,300210.SZ
2243,002707.SZ
2244,300345.SZ
2245,300316.SZ
2246,300499.SZ
2247,300865.SZ
2248,301505.SZ
2249,301339.SZ
2250,301012.SZ
2251,002828.SZ
2252,301103.SZ
2253,003019.SZ
2254,002618.SZ
2255,301272.SZ
2256,301206.SZ
2257,002629.SZ
2258,300620.SZ
2259,300578.SZ
2260,300930.SZ
2261,300396.SZ
2262,002821.SZ
2263,002788.SZ
2264,300476.SZ
2265,002625.SZ
2266,300772.SZ
2267,300997.SZ
2268,002664.SZ
2269,300397.SZ
2270,300608.SZ
2271,300304.SZ
2272,300935.SZ
2273,300300.SZ
2274,300493.SZ
2275,002635.SZ
2276,002846.SZ
2277,301035.SZ
2278,002716.SZ
2279,300587.SZ
2280,002911.SZ
2281,300877.SZ
2282,300363.SZ
2283,300962.SZ
2284,002755.SZ
2285,301552.SZ
2286,001326.SZ
2287,300162.SZ
2288,300971.SZ
2289,300850.SZ
2290,300845.SZ
2291,301331.SZ
2292,301068.SZ
2293,301332.SZ
2294,001338.SZ
2295,001298.SZ
2296,300491.SZ
2297,300409.SZ
2298,002571.SZ
2299,301169.SZ
2300,301236.SZ
2301,300626.SZ
2302,300658.SZ
2303,002785.SZ
2304,300892.SZ
2305,301307.SZ
2306,300526.SZ
2307,002720.SZ
2308,301119.SZ
2309,300537.SZ
2310,301586.SZ
2311,002829.SZ
2312,300172.SZ
2313,300525.SZ
2314,300506.SZ
2315,301086.SZ
2316,002765.SZ
2317,300471.SZ
2318,300450.SZ
2319,300478.SZ
2320,001379.SZ
2321,300480.SZ
2322,300917.SZ
2323,300530.SZ
2324,002916.SZ
2325,002761.SZ
2326,300393.SZ
2327,300184.SZ
2328,300335.SZ
2329,301017.SZ
2330,002725.SZ
2331,301228.SZ
2332,002632.SZ
2333,300618.SZ
2334,300411.SZ
2335,300975.SZ
2336,300570.SZ
2337,300824.SZ
2338,300779.SZ
2339,301390.SZ
2340,300987.SZ
2341,300177.SZ
2342,002793.SZ
2343,002731.SZ
2344,001378.SZ
2345,002627.SZ
2346,301267.SZ
2347,300457.SZ
2348,002546.SZ
2349,002356.SZ
2350,300079.SZ
2351,300592.SZ
2352,300369.SZ
2353,300718.SZ
2354,300918.SZ
2355,300280.SZ
2356,300766.SZ
2357,301358.SZ
2358,300860.SZ
2359,301565.SZ
2360,002791.SZ
2361,002690.SZ
2362,300645.SZ
2363,002730.SZ
2364,003022.SZ
2365,300947.SZ
2366,300717.SZ
2367,002658.SZ
2368,301102.SZ
2369,300531.SZ
2370,001201.SZ
2371,300249.SZ
2372,301080.SZ
2373,001380.SZ
2374,002796.SZ
2375,300670.SZ
2376,301251.SZ
2377,002694.SZ
2378,300489.SZ
2379,301130.SZ
2380,002774.SZ
2381,300937.SZ
2382,301533.SZ
2383,300358.SZ
2384,301113.SZ
2385,002766.SZ
2386,300720.SZ
2387,300470.SZ
2388,002528.SZ
2389,301115.SZ
2390,301325.SZ
2391,300928.SZ
2392,301419.SZ
2393,002842.SZ
2394,300988.SZ
2395,001300.SZ
2396,301486.SZ
2397,001358.SZ
2398,301511.SZ
2399,300439.SZ
2400,002699.SZ
2401,301268.SZ
2402,300780.SZ
2403,300657.SZ
2404,002578.SZ
2405,301132.SZ
2406,300903.SZ
2407,002768.SZ
2408,300214.SZ
2409,301613.SZ
2410,002968.SZ
2411,301050.SZ
2412,300595.SZ
2413,002890.SZ
2414,002823.SZ
2415,300533.SZ
2416,300981.SZ
2417,002792.SZ
2418,301107.SZ
2419,002892.SZ
2420,002342.SZ
2421,301188.SZ
2422,001202.SZ
2423,300899.SZ
2424,002832.SZ
2425,002822.SZ
2426,002739.SZ
2427,300699.SZ
2428,301087.SZ
2429,002525.SZ
2430,002647.SZ
2431,300964.SZ
2432,300511.SZ
2433,301439.SZ
2434,001225.SZ
2435,300594.SZ
2436,300878.SZ
2437,301096.SZ
2438,300589.SZ
2439,300528.SZ
2440,301359.SZ
2441,300510.SZ
2442,002402.SZ
2443,300748.SZ
2444,300171.SZ
2445,300951.SZ
2446,301295.SZ
2447,300209.SZ
2448,001286.SZ
2449,002454.SZ
2450,300115.SZ
2451,300404.SZ
2452,002611.SZ
2453,002623.SZ
2454,001222.SZ
2455,300901.SZ
2456,300798.SZ
2457,300611.SZ
2458,301032.SZ
2459,002583.SZ
2460,001317.SZ
2461,300394.SZ
2462,300813.SZ
2463,002560.SZ
2464,001333.SZ
2465,301507.SZ
2466,300207.SZ
2467,301223.SZ
2468,301287.SZ
2469,301282.SZ
2470,301255.SZ
2471,301252.SZ
2472,301216.SZ
2473,301520.SZ
2474,002959.SZ
2475,301316.SZ
2476,300435.SZ
2477,001336.SZ
2478,301183.SZ
2479,002420.SZ
2480,300827.SZ
2481,300842.SZ
2482,002719.SZ
2483,002913.SZ
2484,002412.SZ
2485,300707.SZ
2486,003010.SZ
2487,002577.SZ
2488,300582.SZ
2489,002713.SZ
2490,002908.SZ
2491,300726.SZ
2492,001226.SZ
2493,001368.SZ
2494,300822.SZ
2495,002439.SZ
2496,300250.SZ
2497,300410.SZ
2498,301227.SZ
2499,300522.SZ
2500,301263.SZ
2501,002811.SZ
2502,002670.SZ
2503,301047.SZ
2504,301297.SZ
2505,002956.SZ
2506,300527.SZ
2507,002860.SZ
2508,300519.SZ
2509,300750.SZ
2510,300538.SZ
2511,301219.SZ
2512,002991.SZ
2513,300436.SZ
2514,300290.SZ
2515,301289.SZ
2516,300675.SZ
2517,300978.SZ
2518,300635.SZ
2519,300692.SZ
2520,301373.SZ
2521,301116.SZ
2522,301141.SZ
2523,301033.SZ
2524,300864.SZ
2525,002628.SZ
2526,300790.SZ
2527,300461.SZ
2528,300269.SZ
2529,002932.SZ
2530,300278.SZ
2531,300921.SZ
2532,300326.SZ
2533,300619.SZ
2534,003011.SZ
2535,300961.SZ
2536,000538.SZ
2537,301166.SZ
2538,300848.SZ
2539,300387.SZ
2540,301073.SZ
2541,001219.SZ
2542,002891.SZ
2543,002782.SZ
2544,002558.SZ
2545,002631.SZ
2546,001209.SZ
2547,300429.SZ
2548,300955.SZ
2549,300712.SZ
2550,300258.SZ
2551,301365.SZ
2552,301381.SZ
2553,001389.SZ
2554,300805.SZ
2555,002905.SZ
2556,300806.SZ
2557,301120.SZ
2558,300936.SZ
2559,300535.SZ
2560,003016.SZ
2561,300844.SZ
2562,002973.SZ
2563,301172.SZ
2564,002517.SZ
2565,300625.SZ
2566,002919.SZ
2567,002803.SZ
2568,002902.SZ
2569,301348.SZ
2570,002937.SZ
2571,301015.SZ
2572,300629.SZ
2573,301160.SZ
2574,002607.SZ
2575,301049.SZ
2576,300456.SZ
2577,300198.SZ
2578,002770.SZ
2579,002945.SZ
2580,301386.SZ
2581,300153.SZ
2582,002947.SZ
2583,300680.SZ
2584,300140.SZ
2585,002144.SZ
2586,002302.SZ
2587,300218.SZ
2588,002556.SZ
2589,001217.SZ
2590,301023.SZ
2591,002140.SZ
2592,002298.SZ
2593,300402.SZ
2594,002532.SZ
2595,002702.SZ
2596,301266.SZ
2597,301333.SZ
2598,002609.SZ
2599,300159.SZ
2600,300223.SZ
2601,300191.SZ
2602,301026.SZ
2603,301022.SZ
2604,002307.SZ
2605,002263.SZ
2606,002167.SZ
2607,301611.SZ
2608,301393.SZ
2609,300920.SZ
2610,300433.SZ
2611,300757.SZ
2612,301171.SZ
2613,300146.SZ
2614,301021.SZ
2615,301310.SZ
2616,300412.SZ
2617,003031.SZ
2618,300315.SZ
2619,002930.SZ
2620,002877.SZ
2621,003043.SZ
2622,002735.SZ
2623,301330.SZ
2624,002442.SZ
2625,002424.SZ
2626,002464.SZ
2627,002393.SZ
2628,300891.SZ
2629,300173.SZ
2630,300104.SZ
2631,301309.SZ
2632,002394.SZ
2633,300098.SZ
2634,300087.SZ
2635,002514.SZ
2636,300145.SZ
2637,300148.SZ
2638,300492.SZ
2639,301170.SZ
2640,300066.SZ
2641,002413.SZ
2642,002416.SZ
2643,002486.SZ
2644,300694.SZ
2645,301202.SZ
2646,301030.SZ
2647,300631.SZ
2648,300330.SZ
2649,002369.SZ
2650,300089.SZ
2651,300253.SZ
2652,002673.SZ
2653,301072.SZ
2654,002142.SZ
2655,300238.SZ
2656,002456.SZ
2657,301256.SZ
2658,002827.SZ
2659,001328.SZ
2660,002106.SZ
2661,300053.SZ
2662,300057.SZ
2663,300055.SZ
2664,300058.SZ
2665,002926.SZ
2666,301526.SZ
2667,300139.SZ
2668,301211.SZ
2669,301210.SZ
2670,301372.SZ
2671,300846.SZ
2672,300634.SZ
2673,300927.SZ
2674,300859.SZ
2675,002603.SZ
2676,300911.SZ
2677,300413.SZ
2678,301231.SZ
2679,300702.SZ
2680,301367.SZ
2681,300197.SZ
2682,002401.SZ
2683,300136.SZ
2684,002748.SZ
2685,300612.SZ
2686,300126.SZ
2687,300972.SZ
2688,300193.SZ
2689,300036.SZ
2690,002348.SZ
2691,002487.SZ
2692,002349.SZ
2693,002495.SZ
2694,002503.SZ
2695,002574.SZ
2696,300440.SZ
2697,301383.SZ
2698,300065.SZ
2699,300054.SZ
2700,300094.SZ
2701,300325.SZ
2702,300143.SZ
2703,002614.SZ
2704,002472.SZ
2705,002374.SZ
2706,002389.SZ
2707,002395.SZ
2708,002387.SZ
2709,300064.SZ
2710,301040.SZ
2711,301063.SZ
2712,002301.SZ
2713,300229.SZ
2714,300661.SZ
2715,002569.SZ
2716,002330.SZ
2717,002615.SZ
2718,002453.SZ
2719,300085.SZ
2720,002382.SZ
2721,002516.SZ
2722,002468.SZ
2723,002475.SZ
2724,300120.SZ
2725,002333.SZ
2726,002518.SZ
2727,300037.SZ
2728,002411.SZ
2729,002428.SZ
2730,002357.SZ
2731,300797.SZ
2732,300232.SZ
2733,300662.SZ
2734,300289.SZ
2735,002477.SZ
2736,002493.SZ
2737,002491.SZ
2738,300046.SZ
2739,300050.SZ
2740,002408.SZ
2741,002753.SZ
2742,002734.SZ
2743,002335.SZ
2744,300107.SZ
2745,300141.SZ
2746,002630.SZ
2747,002392.SZ
2748,300277.SZ
2749,300905.SZ
2750,300305.SZ
2751,002624.SZ
2752,300265.SZ
2753,300616.SZ
2754,002481.SZ
2755,002483.SZ
2756,300121.SZ
2757,300048.SZ
2758,002566.SZ
2759,002390.SZ
2760,002398.SZ
2761,301003.SZ
2762,300377.SZ
2763,300762.SZ
2764,300215.SZ
2765,300113.SZ
2766,300112.SZ
2767,002561.SZ
2768,002341.SZ
2769,002355.SZ
2770,300029.SZ
2771,002354.SZ
2772,002512.SZ
2773,300244.SZ
2774,300125.SZ
2775,300118.SZ
2776,300129.SZ
2777,300133.SZ
2778,002405.SZ
2779,300100.SZ
2780,300092.SZ
2781,300759.SZ
2782,300128.SZ
2783,300354.SZ
2784,300132.SZ
2785,002997.SZ
2786,300109.SZ
2787,002505.SZ
2788,002511.SZ
2789,002458.SZ
2790,300043.SZ
2791,002378.SZ
2792,301286.SZ
2793,002555.SZ
2794,300241.SZ
2795,002539.SZ
2796,002693.SZ
2797,300108.SZ
2798,300156.SZ
2799,300154.SZ
2800,002738.SZ
2801,300245.SZ
2802,002379.SZ
2803,002363.SZ
2804,300078.SZ
2805,300230.SZ
2806,002380.SZ
2807,002501.SZ
2808,300452.SZ
2809,002565.SZ
2810,002508.SZ
2811,002494.SZ
2812,300401.SZ
2813,301186.SZ
2814,300467.SZ
2815,300593.SZ
2816,300424.SZ
2817,002831.SZ
2818,002740.SZ
2819,002626.SZ
2820,300131.SZ
2821,002465.SZ
2822,002538.SZ
2823,300031.SZ
2824,301163.SZ
2825,002551.SZ
2826,300263.SZ
2827,300123.SZ
2828,300122.SZ
2829,300799.SZ
2830,300591.SZ
2831,002548.SZ
2832,300360.SZ
2833,300909.SZ
2834,300724.SZ
2835,300667.SZ
2836,301349.SZ
2837,300552.SZ
2838,300496.SZ
2839,002652.SZ
2840,300529.SZ
2841,300275.SZ
2842,002840.SZ
2843,001260.SZ
2844,301058.SZ
2845,301042.SZ
2846,300453.SZ
2847,002656.SZ
2848,003036.SZ
2849,002853.SZ
2850,300821.SZ
2851,002837.SZ
2852,002895.SZ
2853,300495.SZ
2854,300242.SZ
2855,300571.SZ
2856,300446.SZ
2857,300398.SZ
2858,301079.SZ
2859,300614.SZ
2860,300166.SZ
2861,301175.SZ
2862,300311.SZ
2863,300459.SZ
2864,300512.SZ
2865,301001.SZ
2866,300479.SZ
2867,300756.SZ
2868,301291.SZ
2869,002672.SZ
2870,300380.SZ
2871,301498.SZ
2872,002550.SZ
2873,300966.SZ
2874,300840.SZ
2875,300615.SZ
2876,300309.SZ
2877,300341.SZ
2878,300746.SZ
2879,300481.SZ
2880,300575.SZ
2881,002978.SZ
2882,002865.SZ
2883,300383.SZ
2884,300929.SZ
2885,001373.SZ
2886,301363.SZ
2887,002726.SZ
2888,300783.SZ
2889,300749.SZ
2890,300852.SZ
2891,300808.SZ
2892,301371.SZ
2893,002696.SZ
2894,300266.SZ
2895,003000.SZ
2896,002608.SZ
2897,002775.SZ
2898,300553.SZ
2899,300866.SZ
2900,300849.SZ
2901,300337.SZ
2902,300419.SZ
2903,002717.SZ
2904,301335.SZ
2905,002741.SZ
2906,002851.SZ
2907,300359.SZ
2908,300262.SZ
2909,003032.SZ
2910,300752.SZ
2911,300791.SZ
2912,301262.SZ
2913,002776.SZ
2914,003816.SZ
2915,300573.SZ
2916,002779.SZ
2917,301578.SZ
2918,000897.SZ
2919,000900.SZ
2920,002469.SZ
2921,002480.SZ
2922,002485.SZ
2923,000906.SZ
2924,002466.SZ
2925,300875.SZ
2926,002970.SZ
2927,000912.SZ
2928,000921.SZ
2929,000936.SZ
2930,000060.SZ
2931,000078.SZ
2932,000096.SZ
2933,300233.SZ
2934,002430.SZ
2935,000957.SZ
2936,002772.SZ
2937,000987.SZ
2938,002940.SZ
2939,003037.SZ
2940,003018.SZ
2941,000581.SZ
2942,000593.SZ
2943,000599.SZ
2944,000609.SZ
2945,002435.SZ
2946,002388.SZ
2947,000626.SZ
2948,000628.SZ
2949,300204.SZ
2950,300425.SZ
2951,000520.SZ
2952,000723.SZ
2953,000736.SZ
2954,000750.SZ
2955,000756.SZ
2956,000766.SZ
2957,000782.SZ
2958,000798.SZ
2959,300800.SZ
2960,300469.SZ
2961,002807.SZ
2962,002414.SZ
2963,000415.SZ
2964,002231.SZ
2965,002242.SZ
2966,300144.SZ
2967,000516.SZ
2968,003039.SZ
2969,002236.SZ
2970,301139.SZ
2971,002927.SZ
2972,003026.SZ
2973,000020.SZ
2974,000025.SZ
2975,000811.SZ
2976,000823.SZ
2977,000785.SZ
2978,002864.SZ
2979,002855.SZ
2980,000852.SZ
2981,000860.SZ
2982,000885.SZ
2983,000655.SZ
2984,002062.SZ
2985,002872.SZ
2986,000837.SZ
2987,002742.SZ
2988,002721.SZ
2989,000561.SZ
2990,000567.SZ
2991,000716.SZ
2992,002644.SZ
2993,002096.SZ
2994,002663.SZ
2995,002867.SZ
2996,002942.SZ
2997,002352.SZ
2998,003008.SZ
2999,002268.SZ
3000,002275.SZ
3001,002295.SZ
3002,002889.SZ
3003,002463.SZ
3004,002901.SZ
3005,002496.SZ
3006,002026.SZ
3007,002429.SZ
3008,000530.SZ
3009,000546.SZ
3010,000550.SZ
